#CHROM	POS	ID	REF	ALT	QUAL	FILTER	AB	ABP	AC	AF	AN	AO	CIGAR	DP	DPB	DPRA	EPP	EPPR	GTI	LEN	MEANALT	MQM	MQMR	NS	NUMALT	ODDS	PAIRED	PAIREDR	PAO	PQA	PQR	PRO	QA	QR	RO	RPL	RPP	RPPR	RPR	RUN	SAF	SAP	SAR	SRF	SRP	SRR	TYPE
KY654328.1.1	1025	.	C	T	6715.47	.	0	0	1	1	1	203	1X	205	205	0	6.10171	0	0	1	3	60	0	1	1	1546.29	0.881773	0	0	0	0	0	7513	0	0	102	3.021	0	101	1	109	5.4171	94	0	0	0	snp
KY654328.1.1	1204	.	C	T	9676.29	.	0	0	1	1	1	286	1X	286	286	0	20.5036	0	0	1	1	60	0	1	1	2228.05	0.881119	0	0	0	0	0	10822	0	0	149	4.10363	0	137	1	146	3.28363	140	0	0	0	snp
KY654328.1.1	1751	.	T	C	22546	.	0	0	1	1	1	689	1X	689	689	0	25.7808	0	0	1	1	60	0	1	1	5191.42	0.882438	0	0	0	0	0	25229	0	0	407	52.2545	0	282	1	298	30.2687	391	0	0	0	snp
KY654328.1.1	1915	.	A	G	18213.5	.	0	0	1	1	1	545	1X	548	548	0	43.6547	3.0103	0	1	2	60	60	1	1	4193.82	0.875229	1	0	0	0	0	20426	43	2	325	46.9378	7.35324	220	1	272	3.01428	273	1	3.0103	1	snp
KY654328.1.1	2127	.	G	A	29022.4	.	0	0	1	1	1	919	1X	925	925	0	32.1232	0	0	1	2	59.9869	0	1	1	6682.65	0.886834	0	0	0	0	0	32721	0	0	373	73.7285	0	546	1	623	255.669	296	0	0	0	snp
KY654328.1.1	2177	.	T	C	36806.2	.	0	0	1	1	1	1132	1X	1135	1135	0	32.5055	3.73412	0	1	1	59.9841	60	1	1	8474.95	0.889576	0.666667	0	0	0	0	41506	85	3	353	351.129	9.52472	779	1	623	27.94	509	2	3.73412	1	snp
KY654328.1.1	2228	.	G	A	34241.5	.	0	0	1	1	1	1091	1X	1097	1097	0	208.098	5.18177	0	1	3	60	60	1	1	7884.39	0.901925	0	0	0	0	0	38482	13	1	569	7.40698	5.18177	522	1	432	105.571	659	1	5.18177	0	snp
KY654328.1.1	3224	.	A	G	2162.22	.	0	0	1	1	1	146	1X	224	224	0	3.0103	3.12166	0	1	1	60	60	1	1	497.869	0.863014	0.807692	0	0	0	0	5533	2983	78	118	123.482	16.4846	28	1	59	14.6708	87	38	3.12166	40	snp
KY654328.1.1	3326	.	G	A	1.28256e-13	.	0	0	0	0	1	80	1X	202	202	0	3.0103	13.2625	0	1	1	60	60	1	1	340.564	0.9125	0.868852	0	0	0	0	2947	4627	122	42	3.44459	16.9647	38	1	50	13.8677	30	76	19.0294	46	snp
KY654329.1.2	145	.	G	A	9347.98	.	0	0	1	1	1	277	1X	277	277	0	25.0308	0	0	1	1	60	0	1	1	2152.45	0.931408	0	0	0	0	0	10670	0	0	88	82.9785	0	189	1	196	106.684	81	0	0	0	snp
KY654329.1.2	214	.	G	A	13817.2	.	0	0	1	1	1	410	1X	411	411	0	35.2328	5.18177	0	1	1	60	60	1	1	3181.52	0.92439	1	0	0	0	0	15589	14	1	184	12.3529	5.18177	226	1	278	115.906	132	1	5.18177	0	snp
KY654329.1.2	499	.	G	A	23074.1	.	0	0	1	1	1	710	1X	711	711	0	188.093	0	0	1	2	60	0	1	1	5313	0.914085	0	0	0	0	0	26142	0	0	482	200.327	0	228	1	350	3.31614	360	0	0	0	snp
KY654329.1.2	805	.	A	G	12098.6	.	0	0	1	1	1	360	1X	360	360	0	34.2795	0	0	1	1	60	0	1	1	2785.81	0.85	0	0	0	0	0	13594	0	0	214	30.9017	0	146	1	146	30.9017	214	0	0	0	snp
KY654329.1.2	1081	.	T	C	11433.8	.	0	0	1	1	1	342	1X	342	342	0	25.8679	0	0	1	1	60	0	1	1	2632.72	0.891813	0	0	0	0	0	12826	0	0	206	34.122	0	136	1	189	11.239	153	0	0	0	snp
KY654329.1.2	1106	.	T	C	10554.4	.	0	0	1	1	1	326	1X	326	326	0	7.51311	0	0	1	1	60	0	1	1	2430.24	0.886503	0	0	0	0	0	11912	0	0	223	98.9281	0	103	1	189	21.0215	137	0	0	0	snp
KY654329.1.2	1745	.	A	G	9462.97	.	0	0	1	1	1	286	1X	286	286	0	94.8803	0	0	1	1	60	0	1	1	2178.93	0.874126	0	0	0	0	0	10709	0	0	132	6.6851	0	154	1	176	36.0835	110	0	0	0	snp
KY654329.1.2	1975	.	C	T	10077.6	.	0	0	1	1	1	308	1X	309	309	0	111.415	5.18177	0	1	1	60	60	1	1	2320.45	0.87987	1	0	0	0	0	11521	36	1	207	82.2267	5.18177	101	1	123	30.1114	185	0	5.18177	1	snp
KY654329.1.2	2155	.	T	C	14132.6	.	0	0	1	1	1	447	1X	448	448	0	94.1879	5.18177	0	1	1	60	60	1	1	3254.16	0.919463	1	0	0	0	0	16524	40	1	96	318.894	5.18177	351	1	330	223.407	117	1	5.18177	0	snp
KY654329.1.2	2569	.	C	T	8632.04	.	0	0	1	1	1	266	1X	269	269	0	63.387	9.52472	0	1	1	60	60	1	1	1987.6	0.830827	0.666667	0	0	0	0	9817	90	3	140	4.61033	9.52472	126	1	98	43.0111	168	0	9.52472	3	snp
KY654329.1.2	2835	.	T	C	3425.14	.	0	0	1	1	1	123	1X	123	123	0	142.85	0	0	1	1	60	0	1	1	788.667	0.804878	0	0	0	0	0	4540	0	0	118	228.437	0	5	1	12	176.04	111	0	0	0	snp
KY654330.1.3	3	.	T	A	8.27249	.	0	0	1	1	1	2	1X	4	4	0	7.35324	7.35324	0	1	1	60	60	1	1	1.74364	1	1	0	0	0	0	79	71	2	0	7.35324	7.35324	2	1	0	7.35324	2	0	7.35324	2	snp
KY654330.1.3	23	.	T	C	4.59263e-14	.	0	0	0	0	1	20	1X	76	76	0	30.8051	20.4216	0	1	2	60	60	1	1	240.695	1	0.8	0	0	0	0	783	2040	55	0	46.4397	122.441	20	1	18	30.8051	2	17	20.4216	38	snp
KY654330.1.3	312	.	A	G	23357.8	.	0	0	1	1	1	704	1X	704	704	0	7.46429	0	0	1	1	60	0	1	1	5378.34	0.879261	0	0	0	0	0	26069	0	0	368	6.16881	0	336	1	299	37.6675	405	0	0	0	snp
KY654330.1.3	473	.	T	C	13441.5	.	0	0	1	1	1	419	1X	429	429	0	44.061	10.8276	0	1	1	60	60	1	1	3095.03	0.873508	0.7	0	0	0	0	15366	341	10	247	32.1619	6.48466	172	1	212	3.13986	207	1	16.9077	9	snp
KY654330.1.3	1616	.	C	T	24807.2	.	0	0	1	1	1	755	1X	756	756	0	81.3127	0	0	1	2	59.9775	0	1	1	5712.06	0.883444	0	0	0	0	0	27786	0	0	413	17.5088	0	342	1	317	45.1196	438	0	0	0	snp
KY654330.1.3	2322	.	A	G	7655.29	.	0	0	1	1	1	231	1X	231	231	0	42.7266	0	0	1	1	60	0	1	1	1762.7	0.82684	0	0	0	0	0	8599	0	0	117	3.0949	0	114	1	108	5.12537	123	0	0	0	snp
KY654330.1.3	2510	.	G	A	10970.7	.	0	0	1	1	1	335	1X	335	335	0	37.5529	0	0	1	1	60	0	1	1	2526.09	0.81791	0	0	0	0	0	12338	0	0	157	5.86887	0	178	1	124	52.0726	211	0	0	0	snp
KY654331.1.4	617	.	T	C	21355.4	.	0	0	1	1	1	665	1X	666	666	0	36.3204	0	0	1	2	60	0	1	1	4917.27	0.873684	0	0	0	0	0	24116	0	0	377	28.8753	0	288	1	463	225.451	202	0	0	0	snp
KY654331.1.4	730	.	C	T	36661.2	.	0	0	1	1	1	1172	1X	1191	1191	0	419.288	35.5824	0	1	2	59.9309	60	1	1	8441.55	0.891638	0.666667	0	0	0	0	42476	501	15	338	458.827	35.5824	834	1	395	273.377	777	0	35.5824	15	snp
KY654331.1.4	978	.	T	C	11425	.	0	0	1	1	1	365	1X	389	389	0	102.012	12.0581	0	1	1	60	51.8333	1	1	2630.7	0.873973	0.916667	0	0	0	0	13597	852	24	196	7.3473	55.1256	169	1	172	5.63391	193	7	12.0581	17	snp
KY654331.1.4	1328	.	C	T	30806.3	.	0	0	1	1	1	977	1X	982	982	0	107.67	3.0103	0	1	2	60	60	1	1	7093.42	0.88434	1	0	0	0	0	34881	35	2	286	367.571	3.0103	691	1	530	18.3217	447	2	7.35324	0	snp
KY654331.1.4	1964	.	G	A	0	.	0	0	0	0	1	7	1X	27	27	0	18.2106	30.8051	0	1	1	60	60	1	1	87.8634	0.857143	0.9	0	0	0	0	248	752	20	7	18.2106	46.4397	0	1	7	18.2106	0	18	30.8051	2	snp
KY654332.1.5	1460	.	C	A	14605.1	.	0	0	1	1	1	455	1X	456	456	0	17.447	5.18177	0	1	1	60	60	1	1	3362.94	0.885714	0	0	0	0	0	16347	14	1	202	15.4235	5.18177	253	1	263	27.0683	192	1	5.18177	0	snp
KY654333.1.6	76	.	G	A	15249.5	.	0	0	1	1	1	553	1X	555	555	0	194.795	5.18177	0	1	2	59.962	60	1	1	3511.32	0.893309	1	0	0	0	0	19019	14	1	12	1101.87	5.18177	541	1	389	201.8	164	1	5.18177	0	snp
KY654333.1.6	266	.	A	G	22680.1	.	0	0	1	1	1	694	1X	697	697	0	189.294	9.52472	0	1	1	60	60	1	1	5222.29	0.868876	1	0	0	0	0	25617	119	3	330	6.62733	9.52472	364	1	293	39.5061	401	0	9.52472	3	snp
KY654333.1.6	604	.	G	A	30529	.	0	0	1	1	1	917	1X	918	918	0	3.5431	5.18177	0	1	1	60	60	1	1	7029.57	0.900763	1	0	0	0	0	34327	38	1	558	96.7862	5.18177	359	1	325	171.824	592	0	5.18177	1	snp
KY654334.1.7	755	.	G	A	24916.9	.	0	0	1	1	1	773	1X	776	776	0	28.3629	0	0	1	2	59.9806	0	1	1	5737.32	0.896507	0	0	0	0	0	27953	0	0	281	128.076	0	492	1	433	27.3066	340	0	0	0	snp
KY654335.1.8	103	.	A	G	26610.2	.	0	0	1	1	1	926	1X	926	926	0	503.537	0	0	1	1	59.987	0	1	1	6127.22	0.934125	0	0	0	0	0	33065	0	0	71	1444.38	0	855	1	755	802.788	171	0	0	0	snp
KY654336.1.9	30	.	A	G	61.6372	.	0	0	1	1	1	29	1X	58	58	0	9.07545	30.0414	0	1	1	60	60	1	1	14.1925	0.827586	0.586207	0	0	0	0	1056	1037	29	0	65.983	65.983	29	1	19	9.07545	10	5	30.0414	24	snp
KY654336.1.9	532	.	T	C	51676.8	.	0	0	1	1	1	1579	1X	1580	1580	0	31.9243	5.18177	0	1	1	60	60	1	1	11899	0.879671	1	0	0	0	0	57829	39	1	963	168.599	5.18177	616	1	691	56.3812	888	0	5.18177	1	snp
KY654336.1.9	720	.	T	C	33917.3	.	0	0	1	1	1	1028	1X	1029	1029	0	20.889	0	0	1	2	59.9572	0	1	1	7809.74	0.816148	0	0	0	0	0	37825	0	0	572	31.4338	0	456	1	494	6.39002	534	0	0	0	snp
KY654337.1.10	355	.	C	T	30572.2	.	0	0	1	1	1	1019	1X	1045	1045	0	9.93387	16.5402	0	1	3	59.9951	60	1	1	7039.51	0.888126	1	0	0	0	0	34563	352	13	558	23.0607	11.1951	461	1	371	166.519	648	5	4.51363	8	snp
KY654337.1.10	388	.	A	G	29186.8	.	0	0	1	1	1	884	1X	886	886	0	156.536	0	0	1	2	60	0	1	1	6720.5	0.885747	0	0	0	0	0	33021	0	0	451	3.80618	0	433	1	268	300.492	616	0	0	0	snp
